,sales_growth,ebitda_growth,ebitda_margin_change,pat_growth,pat_margin_change
Tata Consultancy Services Ltd.,-0.346146745088054,-0.09778861593774395,0.24019910771459693,-0.10638726924704851,0.16541500760525785
Infosys Ltd.,0.3500913300469944,0.100196290678705,-0.2905070972239699,0.3970092186968647,0.03706845685465626
HCL Technologies Ltd.,0.06846025769690509,0.38166580426711344,0.39929458821923125,0.016557604408312356,-0.02247284270088976
Wipro Ltd.,-0.3674005484409606,0.033838458086577754,0.4019304417687886,-0.04284565350839254,0.25239145800473695
Tech Mahindra Ltd.,-0.20616987499237086,0.033455492831697214,0.22951149557483383,-0.3097057137478442,-0.2330075736003286
